STATE,if,return,(,ID,INT,FLOAT,STR,;,),{,},while,function,else,else if,TYPE,=,==,!=,<,>,!,+,-,*,/,&&,||,true,false,$,INVALID_TOKEN,ARGUMENTS,BODY,WHILE_LOOP,STATEMENTS,IF,WHILE,VARIABLE_DEFINITION,FUNCTION_CALL,ASSIGNMENT,RETURN_STATEMENT,FUNCTION_DEFINITION,OTHER_ARGUEMENTS,ELSE,ELSE_PART,LE,AE,LE1,LE2,LE3,LE4,LE5,T,F
S0,S10,S125,R5,S13,R5,R5,R5,R5,R5,R5,R5,S5,R5,R5,R5,S201,R5,R5,R5,R5,R5,R5,R5,R5,R5,R5,R5,R5,R5,R5,,,,1,2,3,4,5,6,7,8,9,200,,,,,,,,,,,,
S1,R286,R286,R286,R286,R286,R286,R286,R286,R286,R286,R286,R286,R286,R286,R286,R286,R286,R286,R286,R286,R286,R286,R286,R286,R286,R286,R286,R286,R286,R286,S236,,,,,,,,,,,,,,,,,,,,,,,,
S2,S10,S125,R5,S13,R5,R5,R5,R5,R5,R5,R5,S5,R5,R5,R5,S201,R5,R5,R5,R5,R5,R5,R5,R5,R5,R5,R5,R5,R5,R5,,,,253,2,3,4,,6,7,8,9,200,,,,,,,,,,,,
S3,S10,S125,R5,S13,R5,R5,R5,R5,R5,R5,R5,S5,R5,R5,R5,S201,R5,R5,R5,R5,R5,R5,R5,R5,R5,R5,R5,R5,R5,R5,,,,250,2,3,4,,6,7,8,9,200,,,,,,,,,,,,
S4,S10,S125,R5,S13,R5,R5,R5,R5,R5,R5,R5,S5,R5,R5,R5,S201,R5,R5,R5,R5,R5,R5,R5,R5,R5,R5,R5,R5,R5,R5,,,,251,2,3,4,,6,7,8,9,200,,,,,,,,,,,,
S5,,,S243,,,,,,,,,,,,,,,,,,,,,,,,,,,,,,,,,,,,,,,,,,,,,,,,,,,,
S6,R13,R13,R13,R13,R13,R13,R13,R13,R13,R13,R13,R13,R13,R13,R13,R13,R13,R13,R13,R13,R13,R13,R13,R13,R13,R13,R13,R13,R13,R13,,,,,,,,,,,,,,,,,,,,,,,,,
S7,,,,,,,,S210,,,,,,,,,,,,,,,,,,,,,,,,,,,,,,,,,,,,,,,,,,,,,,,
S8,R15,R15,R15,R15,R15,R15,R15,R15,R15,R15,R15,R15,R15,R15,R15,R15,R15,R15,R15,R15,R15,R15,R15,R15,R15,R15,R15,R15,R15,R15,,,,,,,,,,,,,,,,,,,,,,,,,
S9,R16,R16,R16,R16,R16,R16,R16,R16,R16,R16,R16,R16,R16,R16,R16,R16,R16,R16,R16,R16,R16,R16,R16,R16,R16,R16,R16,R16,R16,R16,,,,,,,,,,,,,,,,,,,,,,,,,
S10,,,S11,,,,,,,,,,,,,,,,,,,,,,,,,,,,,,,,,,,,,,,,,,,,,,,,,,,,
S11,,,S21,,S26,S27,,,,,,,,,,,,,,,,S19,,,,,,,S22,S23,,,,,,,,,,,,,,,,,12,14,15,16,17,18,20,24,25
S12,,,,,,,,,S27,,,,,,,,,,,S29,S30,,,,,,,,,,,,,,,,,,,,,,,,,,120,121,,,,,,,
S13,,,S112,,,,,,,,,,,,,S115,S101,,,,,,,,,,,,,,,,,,,,,,,,,,,,,,,,,,,,,,
S14,,,,,,,,,,,,,,,,,,S33,S34,S31,S32,,S37,S38,,,S36,S35,,,,,,,,,,,,,,,,,,,,,,,,,,,
S15,R187,R187,R187,R187,R187,R187,R187,R187,R187,R187,R187,R187,R187,R187,R187,R187,R187,S39,S40,R187,R187,R187,R187,R187,R187,R187,R187,R187,R187,R187,,,,,,,,,,,,,,,,,,,,,,,,,
S16,R221,R221,R221,R221,R221,R221,R221,R221,R221,R221,R221,R221,R221,R221,R221,R221,R221,R221,R221,R221,R221,R221,R221,R221,R221,R221,R221,S41,R221,R221,,,,,,,,,,,,,,,,,,,,,,,,,
S17,R239,R239,R239,R239,R239,R239,R239,R239,R239,R239,R239,R239,R239,R239,R239,R239,R239,R239,R239,R239,R239,R239,R239,R239,R239,R239,S43,S42,R239,R239,,,,,,,,,,,,,,,,,,,,,,,,,
S18,R253,R253,R253,R253,R253,R253,R253,R253,R253,R253,R253,R253,R253,R253,R253,R253,R253,R253,R253,R253,R253,R253,R253,R253,R253,R253,R253,R253,R253,R253,,,,,,,,,,,,,,,,,,,,,,,,,
S19,,,S21,,S26,S27,,,,,,,,,,,,,,,,,,,,,,,S22,S23,,,,,,,,,,,,,,,,,,46,,,,,45,24,25
S20,R261,R261,R261,R261,R261,R261,R261,R261,R261,R261,R261,R261,R261,R261,R261,R261,R261,R261,R261,R261,R261,R261,R261,R261,R261,R261,R261,R261,R261,R261,,,,,,,,,,,,,,,,,,,,,,,,,
S21,,,,,,,,,,,,,,,,,,,,,,,,,,,,,,,,,,,,,,,,,,,,,,,47,56,,,,,,,
S22,R267,R267,R267,R267,R267,R267,R267,R267,R267,R267,R267,R267,R267,R267,R267,R267,R267,R267,R267,R267,R267,R267,R267,R267,R267,R267,R267,R267,R267,R267,,,,,,,,,,,,,,,,,,,,,,,,,
S23,R269,R269,R269,R269,R269,R269,R269,R269,R269,R269,R269,R269,R269,R269,R269,R269,R269,R269,R269,R269,R269,R269,R269,R269,R269,R269,R269,R269,R269,R269,,,,,,,,,,,,,,,,,,,,,,,,,
S24,R123,R123,R123,R123,R123,R123,R123,R123,R123,R123,R123,R123,R123,R123,R123,R123,R123,R123,R123,R123,R123,R123,R123,R123,S48,S49,R123,R123,R123,R123,,,,,,,,,,,,,,,,,,,,,,,,,
S25,R133,R133,R133,R133,R133,R133,R133,R133,R133,R133,R133,R133,R133,R133,R133,R133,R133,R133,R133,R133,R133,R133,R133,R133,R133,R133,R133,R133,R133,R133,,,,,,,,,,,,,,,,,,,,,,,,,
S26,R143,R143,R143,R143,R143,R143,R143,R143,R143,R143,R143,R143,R143,R143,R143,R143,R143,R143,R143,R143,R143,R143,R143,R143,R143,R143,R143,R143,R143,R143,,,,,,,,,,,,,,,,,,,,,,,,,
S27,,,,,,,,,,S97,,,,,,,,,,,,,,,,,,,,,,,,,,,,,,,,,,,,,,,,,,,,,
S28,,,,,,,,,,,,,,,,,,,,,,,,,,,,,,,,,,,,,,,,,,,,,,,,,,,,,,,
S29,,,S21,,S26,S27,,,,,,,,,,,,,,,,S19,,,,,,,S22,S23,,,,,,,,,,,,,,,,,,94,93,16,17,18,20,24,25
S30,,,S21,,S26,S27,,,,,,,,,,,,,,,,S19,,,,,,,S22,S23,,,,,,,,,,,,,,,,,,96,95,16,17,18,20,24,25
S31,,,S21,,S26,S27,,,,,,,,,,,,,,S71,,S19,,,,,,,S22,S23,,,,,,,,,,,,,,,,,70,71,15,16,17,18,20,24,25
S32,,,S21,,S26,S27,,,,,,,,,,,,,,,,S19,,,,,,,S22,S23,,,,,,,,,,,,,,,,,83,84,15,16,17,18,20,24,25
S33,,,S21,,S26,S27,,,,,,,,,,,,,,,,S19,,,,,,,S22,S23,,,,,,,,,,,,,,,,,,87,85,16,17,18,20,24,25
S34,,,S21,,S26,S27,,,,,,,,,,,,,,,,S19,,,,,,,,,,,,,,,,,,,,,,,,,,88,86,16,17,18,20,24,25
S35,,,S65,,S26,S27,,,,,,,,,,,,,,,,,,,,,,,,,,,,,,,,,,,,,,,,,,89,,,,,,24,25
S36,,,S65,,S26,S27,,,,,,,,,,,,,,,,,,,,,,,,,,,,,,,,,,,,,,,,,,90,,,,,,24,25
S37,,,S65,,S26,S27,,,,,,,,,,,,,,,,,,,,,,,,,,,,,,,,,,,,,,,,,,,,,,,,91,25
S38,,,S65,,S26,S27,,,,,,,,,,,,,,,,,,,,,,,,,,,,,,,,,,,,,,,,,,,,,,,,92,25
S39,,,S21,,S26,S27,,,,,,,,,,,,,,,,S19,,,,,,,S22,S23,,,,,,,,,,,,,,,,,,52,,50,17,53,55,24,25
S40,,,S21,,S26,S27,,,,,,,,,,,,,,,,S19,,,,,,,S22,S23,,,,,,,,,,,,,,,,,,62,,56,17,53,55,24,25
S41,,,S21,,,,,,,,,,,,,,,,,,,S19,,,,,,,,,,,,,,,,,,,,,,,,,,44,,,63,53,55,,
S42,,,S65,,S26,S27,,,,,,,,,,,,,,,,,,,,,,,,,,,,,,,,,,,,,,,,,,64,,,,,,24,25
S43,,,S21,,S26,S27,,,,,,,,,,,,,,,,S19,,,,,,,S22,S23,,,,,,,,,,,,,,,,,,67,,,,66,55,24,25
S44,,,,,,,,,,,,,,,,,,,,,,,S37,S38,,,S36,,,,,,,,,,,,,,,,,,,,,,,,,,,,
S45,R256,R256,R256,R256,R256,R256,R256,R256,R256,R256,R256,R256,R256,R256,R256,R256,R256,R256,R256,R256,R256,R256,R256,R256,R256,R256,R256,R256,R256,R256,,,,,,,,,,,,,,,,,,,,,,,,,
S46,,,,,,,,,,,,,,,,,,,,,,,S37,S38,,,,,,,,,,,,,,,,,,,,,,,,,,,,,,,
S47,,,,,,,,,S58,,,,,,,,,,,,,,,,,,,,,,,,,,,,,,,,,,,,,,,,,,,,,,
S48,,,S65,,S26,S27,,,,,,,,,,,,,,,,,,,,,,,,,,,,,,,,,,,,,,,,,,,,,,,,,68
S49,,,S65,,S26,S27,,,,,,,,,,,,,,,,,,,,,,,,,,,,,,,,,,,,,,,,,,,,,,,,,69
S50,,,,,,,,,,,,,,,,,,,,,,,,,,,,S59,,,,,,,,,,,,,,,,,,,,,,,,,,,
S51,,,,,,,,,,,,,,,,,,,,,,,,,,,,,,,,,,,,,,,,,,,,,,,,,,,,,,,
S52,,,,,,,,,,,,,,,,,,,,,,,S37,S38,,,S36,S35,,,,,,,,,,,,,,,,,,,,,,,,,,,
S53,R253,R253,R253,R253,R253,R253,R253,R253,R253,R253,R253,R253,R253,R253,R253,R253,R253,R253,R253,R253,R253,R253,R253,R253,R253,R253,R253,R253,R253,R253,,,,,,,,,,,,,,,,,,,,,,,,,
S54,,,S21,,S26,S27,,,,,,,,,,,,,,,,,,,,,,,S22,S23,,,,,,,,,,,,,,,,,,,,,,,,24,25
S55,,,,,,,,,,,,,,,,,,,,,,,,,,,,,,,,,,,,,,,,,,,,,,,,,,,,,,,
S56,,,,,,,,,,,,,,,,,,,,,,,,,,,,S59,,,,,,,,,,,,,,,,,,,,,,,,,,,
S57,R141,R141,R141,R141,R141,R141,R141,R141,R141,R141,R141,R141,R141,R141,R141,R141,R141,R141,R141,R141,R141,R141,R141,R141,R141,R141,R141,R141,R141,R141,,,,,,,,,,,,,,,,,,,,,,,,,
S58,R265,R265,R265,R265,R265,R265,R265,R265,R265,R265,R265,R265,R265,R265,R265,R265,R265,R265,R265,R265,R265,R265,R265,R265,R265,R265,R265,R265,R265,R265,,,,,,,,,,,,,,,,,,,,,,,,,
S59,,,,,,,,,,,,,,,,,,,,,,,,,,,,S41,,,,,,,,,,,,,,,,,,,,,,,,,,,
S60,,,,,,,,,,,,,,,,,,,,,,,,,,,,,,,,,,,,,,,,,,,,,,,,,,,,,,,
S61,,,,,,,,,,,,,,,,,,,,,,,S37,S38,,,,,,,,,,,,,,,,,,,,,,,,,,,,,,,
S62,,,,,,,,,,,,,,,,,,,,,,,S37,S38,,,S36,S35,,,,,,,,,,,,,,,,,,,,,,,,,,,
S63,,,,,,,,,,,,,,,,,,,,,,,,,,,S43,,,,,,,,,,,,,,,,,,,,,,,,,,,,
S64,,,,,,,,,,,,,,,,,,,,,,,S37,S38,,,,,,,,,,,,,,,,,,,,,,,,,,,,,,,
S65,,,,,,,,,,,,,,,,,,,,,,,,,,,,,,,,,,,,,,,,,,,,,,,,S56,,,,,,,
S66,R243,R243,R243,R243,R243,R243,R243,R243,R243,R243,R243,R243,R243,R243,R243,R243,R243,R243,R243,R243,R243,R243,R243,R243,R243,R243,R243,R243,R243,R243,,,,,,,,,,,,,,,,,,,,,,,,,
S67,,,,,,,,,,,,,,,,,,,,,,,S37,S38,,,,,,,,,,,,,,,,,,,,,,,,,,,,,,,
S68,R131,R131,R131,R131,R131,R131,R131,R131,R131,R131,R131,R131,R131,R131,R131,R131,R131,R131,R131,R131,R131,R131,R131,R131,R131,R131,R131,R131,R131,R131,,,,,,,,,,,,,,,,,,,,,,,,,
S69,R137,R137,R137,R137,R137,R137,R137,R137,R137,R137,R137,R137,R137,R137,R137,R137,R137,R137,R137,R137,R137,R137,R137,R137,R137,R137,R137,R137,R137,R137,,,,,,,,,,,,,,,,,,,,,,,,,
S70,R173,R173,R173,R173,R173,R173,R173,R173,R173,R173,R173,R173,R173,R173,R173,R173,R173,R173,R173,S29,S30,R173,R173,R173,R173,R173,R173,R173,R173,R173,,,,,,,,,,,,,,,,,,,,,,,,,
S71,R181,R181,R181,R181,R181,R181,R181,R181,R181,R181,R181,R181,R181,R181,R181,R181,R181,S33,S34,S31,R181,R181,S37,S38,R181,R181,S36,S35,R181,R181,,,,,,,,,,,,,,,,,,,,,,,,,
S72,,,,,,,,,,,,,,,,,,,,,,,,,,,,,,,,,,,,,,,,,,,,,,,,,,,,,,,
S73,,,,,,,,,,,,,,,,,,,,,,,,,,,,,,,,,,,,,,,,,,,,,,,,,,,,,,,
S74,,,,,,,,,,,,,,,,,,,,,,,,,,,,,,,,,,,,,,,,,,,,,,,,,,,,,,,
S75,,,,,,,,,,,,,,,,,,,,,,,,,,,,,,,,,,,,,,,,,,,,,,,,,,,,,,,
S76,,,,,,,,,,,,,,,,,,,,,,,,,,,,,,,,,,,,,,,,,,,,,,,,,,,,,,,
S77,,,,,,,,,,,,,,,,,,,,,,,,,,,,,,,,,,,,,,,,,,,,,,,,,,,,,,,
S78,,,,,,,,,,,,,,,,,,,,,,,,,,,,,,,,,,,,,,,,,,,,,,,,,,,,,,,
S79,,,,,,,,,,,,,,,,,,,,,,,,,,,,,,,,,,,,,,,,,,,,,,,,,,,,,,,
S80,,,,,,,,,,,,,,,,,,,,,,,,,,,,,,,,,,,,,,,,,,,,,,,,,,,,,,,
S81,,,,,,,,,,,,,,,,,,,,,,,,,,,,,,,,,,,,,,,,,,,,,,,,,,,,,,,
S82,,,,,,,,,,,,,,,,,,,,,,,,,,,,,,,,,,,,,,,,,,,,,,,,,,,,,,,
S83,,,,,,,,,,,,,,,,,,,,S29,S30,,,,,,,,,,,,,,,,,,,,,,,,,,,,,,,,,,
S84,,,,,,,,,,,,,,,,,,S33,S34,S31,S32,,S37,S38,,,S36,S35,,,,,,,,,,,,,,,,,,,,,,,,,,,
S85,,,,,,,,,,,,,,,,,,S39,S40,,,,,,,,,,,,,,,,,,,,,,,,,,,,,,,,,,,,
S86,,,,,,,,,,,,,,,,,,S39,S40,,,,,,,,,,,,,,,,,,,,,,,,,,,,,,,,,,,,
S87,,,,,,,,,,,,,,,,,,S33,S34,,,,S37,S38,,,S36,S35,,,,,,,,,,,,,,,,,,,,,,,,,,,
S88,,,,,,,,,,,,,,,,,,S33,S34,,,,S37,S38,,,S36,S35,,,,,,,,,,,,,,,,,,,,,,,,,,,
S89,,,,,,,,,,,,,,,,,,,,,,,S37,S38,,,,,,,,,,,,,,,,,,,,,,,,,,,,,,,
S90,,,,,,,,,,,,,,,,,,,,,,,S37,S38,,,,,,,,,,,,,,,,,,,,,,,,,,,,,,,
S91,R121,R121,R121,R121,R121,R121,R121,R121,R121,R121,R121,R121,R121,R121,R121,R121,R121,R121,R121,R121,R121,R121,R121,R121,S48,S49,R121,R121,R121,R121,,,,,,,,,,,,,,,,,,,,,,,,,
S92,R127,R127,R127,R127,R127,R127,R127,R127,R127,R127,R127,R127,R127,R127,R127,R127,R127,R127,R127,R127,R127,R127,R127,R127,S48,S49,R127,R127,R127,R127,,,,,,,,,,,,,,,,,,,,,,,,,
S93,R157,R157,R157,R157,R157,R157,R157,R157,R157,R157,R157,R157,R157,R157,R157,R157,R157,S39,S40,R157,R157,R157,R157,R157,R157,R157,R157,R157,R157,R157,,,,,,,,,,,,,,,,,,,,,,,,,
S94,R165,R165,R165,R165,R165,R165,R165,R165,R165,R165,R165,R165,R165,R165,R165,R165,R165,S33,S34,R165,R165,R165,S37,S38,R165,R165,S36,S35,R165,R165,,,,,,,,,,,,,,,,,,,,,,,,,
S95,,,,,,,,,,,,,,,,,,S39,S40,,,,,,,,,,,,,,,,,,,,,,,,,,,,,,,,,,,,
S96,,,,,,,,,,,,,,,,,,S33,S34,,,,S37,S38,,,S36,S35,,,,,,,,,,,,,,,,,,,,,,,,,,,
S97,S10,S125,R5,S13,R5,R5,R5,R5,R5,R5,R5,S5,R5,R5,R5,S201,R5,R5,R5,R5,R5,R5,R5,R5,R5,R5,R5,R5,R5,R5,,,,98,2,3,4,,6,7,8,9,200,,,,,,,,,,,,
S98,,,,,,,,,,,S99,,,,,,,,,,,,,,,,,,,,,,,,,,,,,,,,,,,,,,,,,,,,
S99,R107,R107,R107,R107,R107,R107,R107,R107,R107,R107,R107,R107,R107,S238,S126,R107,R107,R107,R107,R107,R107,R107,R107,R107,R107,R107,R107,R107,R107,R107,,,,,,,,,,,,,,,237,100,,,,,,,,,
S100,R82,R82,R82,R82,R82,R82,R82,R82,R82,R82,R82,R82,R82,R82,R82,R82,R82,R82,R82,R82,R82,R82,R82,R82,R82,R82,R82,R82,R82,R82,,,,,,,,,,,,,,,,,,,,,,,,,
S101,,,,,S110,S102,S108,,,,,,,,,,,,,,,,,,,,,,,,,,,,,,,,,,,,,,,,104,106,,,,,,,
S102,,,,,,,,S103,,,,,,,,,,,,,,,,,,,,,,,,,,,,,,,,,,,,,,,,,,,,,,,
S103,R53,R53,R53,R53,R53,R53,R53,R53,R53,R53,R53,R53,R53,R53,R53,R53,R53,R53,R53,R53,R53,R53,R53,R53,R53,R53,R53,R53,R53,R53,,,,,,,,,,,,,,,,,,,,,,,,,
S104,,,,,,,,S105,,,,,,,,,,,,S29,S30,,,,,,,,,,,,,,,,,,,,,,,,,,,,,,,,,,
S105,R48,R48,R48,R48,R48,R48,R48,R48,R48,R48,R48,R48,R48,R48,R48,R48,R48,R48,R48,R48,R48,R48,R48,R48,R48,R48,R48,R48,R48,R48,,,,,,,,,,,,,,,,,,,,,,,,,
S106,,,,,,,,S107,,,,,,,,,,,,,,,,,,,,,,,,,,,,,,,,,,,,,,,,,,,,,,,
S107,R43,R43,R43,R43,R43,R43,R43,R43,R43,R43,R43,R43,R43,R43,R43,R43,R43,R43,R43,R43,R43,R43,R43,R43,R43,R43,R43,R43,R43,R43,,,,,,,,,,,,,,,,,,,,,,,,,
S108,,,,,,,,S109,,,,,,,,,,,,,,,,,,,,,,,,,,,,,,,,,,,,,,,,,,,,,,,
S109,R58,R58,R58,R58,R58,R58,R58,R58,R58,R58,R58,R58,R58,R58,R58,R58,R58,R58,R58,R58,R58,R58,R58,R58,R58,R58,R58,R58,R58,R58,,,,,,,,,,,,,,,,,,,,,,,,,
S110,,,,,,,,S111,,,,,,,,,,,,,,,,,,,,,,,,,,,,,,,,,,,,,,,,,,,,,,,
S111,R38,R38,R38,R38,R38,R38,R38,R38,R38,R38,R38,R38,R38,R38,R38,R38,R38,R38,R38,R38,R38,R38,R38,R38,R38,R38,R38,R38,R38,R38,,,,,,,,,,,,,,,,,,,,,,,,,
S112,,,,,,,,,,,,,,,,,,,,,,,,,,,,,,,,,S113,,,,,,,,,,,,,,,,,,,,,,
S113,,,,,,,,,,,,,,,,,,,,,,,,,,,,,,,,,,,,,,,,,,,,,,,,,,,,,,,
S114,R33,R33,R33,R33,R33,R33,R33,R33,R33,R33,R33,R33,R33,R33,R33,R33,R33,R33,R33,R33,R33,R33,R33,R33,R33,R33,R33,R33,R33,R33,,,,,,,,,,,,,,,,,,,,,,,,,
S115,,,,,,,,,,,,,,,,,S116,,,,,,,,,,,,,,,,,,,,,,,,,,,,,,,,,,,,,,
S116,,,S21,,S26,S27,,,,,,,,,,,,,,,,S19,,,,,,,S22,S23,,,,,,,,,,,,,,,,,118,117,,16,17,18,20,24,25
S117,,,,,,,,S235,,,,,,,,,,S33,S34,S31,S32,,S37,S38,,,S36,S35,,,,,,,,,,,,,,,,,,,,,,,,,,,
S118,,,,,,,,S236,,,,,,,,,,,,S29,S30,,,,,,,,,,,,,,,,,,,,,,,,,,,,,,,,,,
S119,,,,,,,,S122,,,,,,,,,,,,,,,,,,,,,,,,,,,,,,,,,,,,,,,,,,,,,,,
S120,,,,,,,,S123,,,,,,,,,,,,S29,S30,,,,,,,,,,,,,,,,,,,,,,,,,,,,,,,,,,
S121,,,,,,,,S124,,,,,,,,,,S33,S34,S31,S32,,S37,S38,,,S36,S35,,,,,,,,,,,,,,,,,,,,,,,,,,,
S122,R74,R74,R74,R74,R74,R74,R74,R74,R74,R74,R74,R74,R74,R74,R74,R74,R74,R74,R74,R74,R74,R74,R74,R74,R74,R74,R74,R74,R74,R74,,,,,,,,,,,,,,,,,,,,,,,,,
S123,R70,R70,R70,R70,R70,R70,R70,R70,R70,R70,R70,R70,R70,R70,R70,R70,R70,R70,R70,R70,R70,R70,R70,R70,R70,R70,R70,R70,R70,R70,,,,,,,,,,,,,,,,,,,,,,,,,
S124,R66,R66,R66,R66,R66,R66,R66,R66,R66,R66,R66,R66,R66,R66,R66,R66,R66,R66,R66,R66,R66,R66,R66,R66,R66,R66,R66,R66,R66,R66,,,,,,,,,,,,,,,,,,,,,,,,,
S125,,,S21,S119,S26,S27,,,,,,,,,,,,,,,,S19,,,,,,,S22,S23,,,,,,,,,,,,,,,,,120,121,15,16,17,18,20,24,25
S126,,,S127,,,,,,,,,,,,,,,,,,,,,,,,,,,,,,,,,,,,,,,,,,,,,,,,,,,,
S127,,,S21,,S26,S27,,,,,,,,,,,,,,,,S19,,,,,,,S22,S23,,,,,,,,,,,,,,,,,128,14,15,16,17,18,20,24,25
S128,,,,,,,,,S130,,,,,,,,,,,S29,S30,,,,,,,,,,,,,,,,,,,,,,,,,,,,,,,,,,
S129,,,,,,,,,,,,,,,,,,,,,,,,,,,,,,,,,,,,,,,,,,,,,,,,,,,,,,,
S130,,,,,,,,,,S150,,,,,,,,,,,,,,,,,,,,,,,,,,,,,,,,,,,,,,,,,,,,,
S131,,,,,,,,,,,,,,,,,,,,,,,,,,,,,,,,,,,,,,,,,,,,,,,,,,,,,,,
S132,,,,,,,,,,,,,,,,,,,,,,,,,,,,,,,,,,,,,,,,,,,,,,,,,,,,,,,
S133,,,,,,,,,,,,,,,,,,,,,,,,,,,,,,,,,,,,,,,,,,,,,,,,,,,,,,,
S134,,,,,,,,,,,,,,,,,,,,,,,,,,,,,,,,,,,,,,,,,,,,,,,,,,,,,,,
S135,,,,,,,,,,,,,,,,,,,,,,,,,,,,,,,,,,,,,,,,,,,,,,,,,,,,,,,
S136,,,,,,,,,,,,,,,,,,,,,,,,,,,,,,,,,,,,,,,,,,,,,,,,,,,,,,,
S137,,,,,,,,,,,,,,,,,,,,,,,,,,,,,,,,,,,,,,,,,,,,,,,,,,,,,,,
S138,,,,,,,,,,,,,,,,,,,,,,,,,,,,,,,,,,,,,,,,,,,,,,,,,,,,,,,
S139,,,,,,,,,,,,,,,,,,,,,,,,,,,,,,,,,,,,,,,,,,,,,,,,,,,,,,,
S140,,,,,,,,,,,,,,,,,,,,,,,,,,,,,,,,,,,,,,,,,,,,,,,,,,,,,,,
S141,,,,,,,,,,,,,,,,,,,,,,,,,,,,,,,,,,,,,,,,,,,,,,,,,,,,,,,
S142,,,,,,,,,,,,,,,,,,,,,,,,,,,,,,,,,,,,,,,,,,,,,,,,,,,,,,,
S143,,,,,,,,,,,,,,,,,,,,,,,,,,,,,,,,,,,,,,,,,,,,,,,,,,,,,,,
S144,,,,,,,,,,,,,,,,,,,,,,,,,,,,,,,,,,,,,,,,,,,,,,,,,,,,,,,
S145,,,,,,,,,,,,,,,,,,,,,,,,,,,,,,,,,,,,,,,,,,,,,,,,,,,,,,,
S146,,,,,,,,,,,,,,,,,,,,,,,,,,,,,,,,,,,,,,,,,,,,,,,,,,,,,,,
S147,,,,,,,,,,,,,,,,,,,,,,,,,,,,,,,,,,,,,,,,,,,,,,,,,,,,,,,
S148,,,,,,,,,,,,,,,,,,,,,,,,,,,,,,,,,,,,,,,,,,,,,,,,,,,,,,,
S149,,,,,,,,,,,,,,,,,,,,,,,,,,,,,,,,,,,,,,,,,,,,,,,,,,,,,,,
S150,S10,S125,R5,S13,R5,R5,R5,R5,R5,R5,R5,S5,R5,R5,R5,S201,R5,R5,R5,R5,R5,R5,R5,R5,R5,R5,R5,R5,R5,R5,,,,151,2,3,4,,6,7,8,9,200,,,,,,,,,,,,
S151,,,,,,,,,,,S152,,,,,,,,,,,,,,,,,,,,,,,,,,,,,,,,,,,,,,,,,,,,
S152,R90,R90,R90,R90,R90,R90,R90,R90,R90,R90,R90,R90,R90,S238,R90,R90,R90,R90,R90,R90,R90,R90,R90,R90,R90,R90,R90,R90,R90,R90,,,,,,,,,,,,,,,239,,,,,,,,,,
S153,,,,,,,,,,,,,,,,,,,,,,,,,,,,,,,,,,,,,,,,,,,,,,,,,,,,,,,
S154,,,,,,,,,,,,,,,,,,,,,,,,,,,,,,,,,,,,,,,,,,,,,,,,,,,,,,,
S155,,,,,,,,,,,,,,,,,,,,,,,,,,,,,,,,,,,,,,,,,,,,,,,,,,,,,,,
S156,,,,,,,,,,,,,,,,,,,,,,,,,,,,,,,,,,,,,,,,,,,,,,,,,,,,,,,
S157,,,,,,,,,,,,,,,,,,,,,,,,,,,,,,,,,,,,,,,,,,,,,,,,,,,,,,,
S158,,,,,,,,,,,,,,,,,,,,,,,,,,,,,,,,,,,,,,,,,,,,,,,,,,,,,,,
S159,,,,,,,,,,,,,,,,,,,,,,,,,,,,,,,,,,,,,,,,,,,,,,,,,,,,,,,
S160,,,,,,,,,,,,,,,,,,,,,,,,,,,,,,,,,,,,,,,,,,,,,,,,,,,,,,,
S161,,,,,,,,,,,,,,,,,,,,,,,,,,,,,,,,,,,,,,,,,,,,,,,,,,,,,,,
S162,,,,,,,,,,,,,,,,,,,,,,,,,,,,,,,,,,,,,,,,,,,,,,,,,,,,,,,
S163,,,,,,,,,,,,,,,,,,,,,,,,,,,,,,,,,,,,,,,,,,,,,,,,,,,,,,,
S164,,,,,,,,,,,,,,,,,,,,,,,,,,,,,,,,,,,,,,,,,,,,,,,,,,,,,,,
S165,,,,,,,,,,,,,,,,,,,,,,,,,,,,,,,,,,,,,,,,,,,,,,,,,,,,,,,
S166,,,,,,,,,,,,,,,,,,,,,,,,,,,,,,,,,,,,,,,,,,,,,,,,,,,,,,,
S167,,,,,,,,,,,,,,,,,,,,,,,,,,,,,,,,,,,,,,,,,,,,,,,,,,,,,,,
S168,,,,,,,,,,,,,,,,,,,,,,,,,,,,,,,,,,,,,,,,,,,,,,,,,,,,,,,
S169,,,,,,,,,,,,,,,,,,,,,,,,,,,,,,,,,,,,,,,,,,,,,,,,,,,,,,,
S170,,,,,,,,,,,,,,,,,,,,,,,,,,,,,,,,,,,,,,,,,,,,,,,,,,,,,,,
S171,,,,,,,,,,,,,,,,,,,,,,,,,,,,,,,,,,,,,,,,,,,,,,,,,,,,,,,
S172,,,,,,,,,,,,,,,,,,,,,,,,,,,,,,,,,,,,,,,,,,,,,,,,,,,,,,,
S173,,,,,,,,,,,,,,,,,,,,,,,,,,,,,,,,,,,,,,,,,,,,,,,,,,,,,,,
S174,,,,,,,,,,,,,,,,,,,,,,,,,,,,,,,,,,,,,,,,,,,,,,,,,,,,,,,
S175,,,,,,,,,,,,,,,,,,,,,,,,,,,,,,,,,,,,,,,,,,,,,,,,,,,,,,,
S176,,,,,,,,,,,,,,,,,,,,,,,,,,,,,,,,,,,,,,,,,,,,,,,,,,,,,,,
S177,,,,,,,,,,,,,,,,,,,,,,,,,,,,,,,,,,,,,,,,,,,,,,,,,,,,,,,
S178,,,,,,,,,,,,,,,,,,,,,,,,,,,,,,,,,,,,,,,,,,,,,,,,,,,,,,,
S179,,,,,,,,,,,,,,,,,,,,,,,,,,,,,,,,,,,,,,,,,,,,,,,,,,,,,,,
S180,,,,,,,,,,,,,,,,,,,,,,,,,,,,,,,,,,,,,,,,,,,,,,,,,,,,,,,
S181,,,,,,,,,,,,,,,,,,,,,,,,,,,,,,,,,,,,,,,,,,,,,,,,,,,,,,,
S182,,,,,,,,,,,,,,,,,,,,,,,,,,,,,,,,,,,,,,,,,,,,,,,,,,,,,,,
S183,,,,,,,,,,,,,,,,,,,,,,,,,,,,,,,,,,,,,,,,,,,,,,,,,,,,,,,
S184,,,,,,,,,,,,,,,,,,,,,,,,,,,,,,,,,,,,,,,,,,,,,,,,,,,,,,,
S185,,,,,,,,,,,,,,,,,,,,,,,,,,,,,,,,,,,,,,,,,,,,,,,,,,,,,,,
S186,,,,,,,,,,,,,,,,,,,,,,,,,,,,,,,,,,,,,,,,,,,,,,,,,,,,,,,
S187,,,,,,,,,,,,,,,,,,,,,,,,,,,,,,,,,,,,,,,,,,,,,,,,,,,,,,,
S188,,,,,,,,,,,,,,,,,,,,,,,,,,,,,,,,,,,,,,,,,,,,,,,,,,,,,,,
S189,,,,,,,,,,,,,,,,,,,,,,,,,,,,,,,,,,,,,,,,,,,,,,,,,,,,,,,
S190,,,,,,,,,,,,,,,,,,,,,,,,,,,,,,,,,,,,,,,,,,,,,,,,,,,,,,,
S191,,,,,,,,,,,,,,,,,,,,,,,,,,,,,,,,,,,,,,,,,,,,,,,,,,,,,,,
S192,,,,,,,,,,,,,,,,,,,,,,,,,,,,,,,,,,,,,,,,,,,,,,,,,,,,,,,
S193,,,,,,,,,,,,,,,,,,,,,,,,,,,,,,,,,,,,,,,,,,,,,,,,,,,,,,,
S194,,,,,,,,,,,,,,,,,,,,,,,,,,,,,,,,,,,,,,,,,,,,,,,,,,,,,,,
S195,,,,,,,,,,,,,,,,,,,,,,,,,,,,,,,,,,,,,,,,,,,,,,,,,,,,,,,
S196,,,,,,,,,,,,,,,,,,,,,,,,,,,,,,,,,,,,,,,,,,,,,,,,,,,,,,,
S197,,,,,,,,,,,,,,,,,,,,,,,,,,,,,,,,,,,,,,,,,,,,,,,,,,,,,,,
S198,,,,,,,,,,,,,,,,,,,,,,,,,,,,,,,,,,,,,,,,,,,,,,,,,,,,,,,
S199,,,,,,,,,,,,,,,,,,,,,,,,,,,,,,,,,,,,,,,,,,,,,,,,,,,,,,,
S200,S10,S125,R5,S13,R5,R5,R5,R5,R5,R5,R5,S5,R5,R5,R5,S201,R5,R5,R5,R5,R5,R5,R5,R5,R5,R5,R5,R5,R5,R5,,,,252,2,3,4,,6,7,8,9,200,,,,,,,,,,,,
S201,,,,,,,,,,,,,S202,,,,,,,,,,,,,,,,,,,,,,,,,,,,,,,,,,,,,,,,,,
S202,,,,S203,,,,,,,,,,,,,,,,,,,,,,,,,,,,,,,,,,,,,,,,,,,,,,,,,,,
S203,,,S204,,,,,,,,,,,,,,,,,,,,,,,,,,,,,,,,,,,,,,,,,,,,,,,,,,,,
S204,,,,,,,,,,,,,,,,S230,,,,,,,,,,,,,,,,,205,,,,,,,,,,,,,,,,,,,,,,
S205,,,,,,,,,S206,,,,,,,,,,,,,,,,,,,,,,,,,,,,,,,,,,,,,,,,,,,,,,
S206,,,,,,,,,,S207,,,,,,,,,,,,,,,,,,,,,,,,,,,,,,,,,,,,,,,,,,,,,
S207,S10,S125,R5,S13,R5,R5,R5,R5,R5,R5,R5,S5,R5,R5,R5,S201,R5,R5,R5,R5,R5,R5,R5,R5,R5,R5,R5,R5,R5,R5,,,,208,2,3,4,,6,7,8,9,200,,,,,,,,,,,,
S208,,,,,,,,,,,S209,,,,,,,,,,,,,,,,,,,,,,,,,,,,,,,,,,,,,,,,,,,,
S209,R117,R117,R117,R117,R117,R117,R117,R117,R117,R117,R117,R117,R117,R117,R117,R117,R117,R117,R117,R117,R117,R117,R117,R117,R117,R117,R117,R117,R117,R117,,,,,,,,,,,,,,,,,,,,,,,,,
S210,R14,R14,R14,R14,R14,R14,R14,R14,R14,R14,R14,R14,R14,R14,R14,R14,R14,R14,R14,R14,R14,R14,R14,R14,R14,R14,R14,R14,R14,R14,,,,,,,,,,,,,,,,,,,,,,,,,
S211,,,,,,,,,,,,,,,,,,,,,,,,,,,,,,,,,,,,,,,,,,,,,,,,,,,,,,,
S212,,,,,,,,,,,,,,,,,,,,,,,,,,,,,,,,,,,,,,,,,,,,,,,,,,,,,,,
S213,,,,,,,,,,,,,,,,,,,,,,,,,,,,,,,,,,,,,,,,,,,,,,,,,,,,,,,
S214,,,,,,,,,,,,,,,,,,,,,,,,,,,,,,,,,,,,,,,,,,,,,,,,,,,,,,,
S215,,,,,,,,,,,,,,,,,,,,,,,,,,,,,,,,,,,,,,,,,,,,,,,,,,,,,,,
S216,,,,,,,,,,,,,,,,,,,,,,,,,,,,,,,,,,,,,,,,,,,,,,,,,,,,,,,
S217,,,,,,,,,,,,,,,,,,,,,,,,,,,,,,,,,,,,,,,,,,,,,,,,,,,,,,,
S218,,,,,,,,,,,,,,,,,,,,,,,,,,,,,,,,,,,,,,,,,,,,,,,,,,,,,,,
S219,,,,,,,,,,,,,,,,,,,,,,,,,,,,,,,,,,,,,,,,,,,,,,,,,,,,,,,
S220,,,,,,,,,,,,,,,,,,,,,,,,,,,,,,,,,,,,,,,,,,,,,,,,,,,,,,,
S221,,,,,,,,,,,,,,,,,,,,,,,,,,,,,,,,,,,,,,,,,,,,,,,,,,,,,,,
S222,,,,,,,,,,,,,,,,,,,,,,,,,,,,,,,,,,,,,,,,,,,,,,,,,,,,,,,
S223,,,,,,,,,,,,,,,,,,,,,,,,,,,,,,,,,,,,,,,,,,,,,,,,,,,,,,,
S224,,,,,,,,,,,,,,,,,,,,,,,,,,,,,,,,,,,,,,,,,,,,,,,,,,,,,,,
S225,,,,,,,,,,,,,,,,,,,,,,,,,,,,,,,,,,,,,,,,,,,,,,,,,,,,,,,
S226,,,,,,,,,,,,,,,,,,,,,,,,,,,,,,,,,,,,,,,,,,,,,,,,,,,,,,,
S227,,,,,,,,,,,,,,,,,,,,,,,,,,,,,,,,,,,,,,,,,,,,,,,,,,,,,,,
S228,,,,,,,,,,,,,,,,,,,,,,,,,,,,,,,,,,,,,,,,,,,,,,,,,,,,,,,
S229,,,,,,,,,,,,,,,,,,,,,,,,,,,,,,,,,,,,,,,,,,,,,,,,,,,,,,,
S230,,,,S231,,,,,,,,,,,,,,,,,,,,,,,,,,,,,,,,,,,,,,,,,,,,,,,,,,,
S231,R282,R282,R282,R282,R282,R282,R282,R282,R282,R282,R282,R282,R282,R282,R282,S230,R282,R282,R282,R282,R282,R282,R282,R282,R282,R282,R282,R282,R282,R282,,,233,,,,,,,,,,,232,,,,,,,,,,,
S232,R62,R62,R62,R62,R62,R62,R62,R62,R62,R62,R62,R62,R62,R62,R62,R62,R62,R62,R62,R62,R62,R62,R62,R62,R62,R62,R62,R62,R62,R62,,,,,,,,,,,,,,,,,,,,,,,,,
S233,R284,R284,R284,R284,R284,R284,R284,R284,R284,R284,R284,R284,R284,R284,R284,R284,R284,R284,R284,R284,R284,R284,R284,R284,R284,R284,R284,R284,R284,R284,,,,,,,,,,,,,,,,,,,,,,,,,
S234,,,,,,,,,,,,,,,,,,,,,R285,R285,R285,R285,R285,R285,R285,R285,R285,R285,,,,,,,,,,,,,,,,,,,,,,,,,
S235,R28,R28,R28,R28,R28,R28,R28,R28,R28,R28,R28,R28,R28,R28,R28,R28,R28,R28,R28,R28,R28,R28,R28,R28,R28,R28,R28,R28,R28,R28,,,,,,,,,,,,,,,,,,,,,,,,,
S236,R22,R22,R22,R22,R22,R22,R22,R22,R22,R22,R22,R22,R22,R22,R22,R22,R22,R22,R22,R22,R22,R22,R22,R22,R22,R22,R22,R22,R22,R22,,,,,,,,,,,,,,,,,,,,,,,,,
S237,R101,R101,R101,R101,R101,R101,R101,R101,R101,R101,R101,R101,R101,R101,R101,R101,R101,R101,R101,R101,R101,R101,R101,R101,R101,R101,R101,R101,R101,R101,,,,,,,,,,,,,,,,,,,,,,,,,
S238,,,,,,,,,,S240,,,,,,,,,,,,,,,,,,,,,,,,,,,,,,,,,,,,,,,,,,,,,
S239,R99,R99,R99,R99,R99,R99,R99,R99,R99,R99,R99,R99,R99,R99,R99,R99,R99,R99,R99,R99,R99,R99,R99,R99,R99,R99,R99,R99,R99,R99,,,,,,,,,,,,,,,,,,,,,,,,,
S240,S10,S125,R5,S13,R5,R5,R5,R5,R5,R5,R5,S5,R5,R5,R5,S201,R5,R5,R5,R5,R5,R5,R5,R5,R5,R5,R5,R5,R5,R5,,,,241,2,3,4,,6,7,8,9,200,,,,,,,,,,,,
S241,,,,,,,,,,,S242,,,,,,,,,,,,,,,,,,,,,,,,,,,,,,,,,,,,,,,,,,,,
S242,R106,R106,R106,R106,R106,R106,R106,R106,R106,R106,R106,R106,R106,R106,R106,R106,R106,R106,R106,R106,R106,R106,R106,R106,R106,R106,R106,R106,R106,R106,,,,,,,,,,,,,,,,,,,,,,,,,
S243,,,S21,,S26,S27,,,,,,,,,,,,,,,,S19,,,,,,,S22,S23,,,,,,,,,,,,,,,,,244,249,15,16,17,18,20,24,25
S244,,,,,,,,,S245,,,,,,,,,,,S29,S30,,,,,,,,,,,,,,,,,,,,,,,,,,,,,,,,,,
S245,,,,,,,,,,S246,,,,,,,,,,,,,,,,,,,,,,,,,,,,,,,,,,,,,,,,,,,,,
S246,S10,S125,R5,S13,R5,R5,R5,R5,R5,R5,R5,S5,R5,R5,R5,S201,R5,R5,R5,R5,R5,R5,R5,R5,R5,R5,R5,R5,R5,R5,,,,247,2,3,4,,6,7,8,9,200,,,,,,,,,,,,
S247,,,,,,,,,,,S248,,,,,,,,,,,,,,,,,,,,,,,,,,,,,,,,,,,,,,,,,,,,
S248,R153,R153,R153,R153,R153,R153,R153,R153,R153,R153,R153,R153,R153,R153,R153,R153,R153,R153,R153,R153,R153,R153,R153,R153,R153,R153,R153,R153,R153,R153,,,,,,,,,,,,,,,,,,,,,,,,,
S249,,,,,,,,,,,,,,,,,,S33,S34,S31,S32,,S37,S38,,,S36,S35,,,,,,,,,,,,,,,,,,,,,,,,,,,
S250,R287,R287,R287,R287,R287,R287,R287,R287,R287,R287,R287,R287,R287,R287,R287,R287,R287,R287,R287,R287,R287,R287,R287,R287,R287,R287,R287,R287,R287,R287,,,,,,,,,,,,,,,,,,,,,,,,,
S251,,,,,,,,,,,,,,,,,,,,,,,,,,,,,,,,,,,,,,,,,,,,,,,,,,,,,,,
S252,R285,R285,R285,R285,R285,R285,R285,R285,R285,R285,R285,R285,R285,R285,R285,R285,R285,R285,R285,R285,R285,R285,R285,R285,R285,R285,R285,R285,R285,R285,,,,,,,,,,,,,,,,,,,,,,,,,
S253,R286,R286,R286,R286,R286,R286,R286,R286,R286,R286,R286,R286,R286,R286,R286,R286,R286,R286,R286,R286,R286,R286,R286,R286,R286,R286,R286,R286,R286,R286,,,,,,,,,,,,,,,,,,,,,,,,,
S254,,,,,,,,,,,,,,,,,,,,,,,,,,,,,,,,,,,,,,,,,,,,,,,,,,,,,,,
S255,,,,,,,,,,,,,,,,,,,,,,,,,,,,,,,,,,,,,,,,,,,,,,,,,,,,,,,
S256,,,,,,,,,,,,,,,,,,,,,,,,,,,,,,,,,,,,,,,,,,,,,,,,,,,,,,,
S257,,,,,,,,,,,,,,,,,,,,,,,,,,,,,,,,,,,,,,,,,,,,,,,,,,,,,,,
S258,,,,,,,,,,,,,,,,,,,,,,,,,,,,,,,,,,,,,,,,,,,,,,,,,,,,,,,
S259,,,,,,,,,,,,,,,,,,,,,,,,,,,,,,,,,,,,,,,,,,,,,,,,,,,,,,,
S260,,,,,,,,,,,,,,,,,,,,,,,,,,,,,,,,,,,,,,,,,,,,,,,,,,,,,,,
S261,,,,,,,,,,,,,,,,,,,,,,,,,,,,,,,,,,,,,,,,,,,,,,,,,,,,,,,
S262,,,,,,,,,,,,,,,,,,,,,,,,,,,,,,,,,,,,,,,,,,,,,,,,,,,,,,,
S263,,,,,,,,,,,,,,,,,,,,,,,,,,,,,,,,,,,,,,,,,,,,,,,,,,,,,,,
S264,,,,,,,,,,,,,,,,,,,,,,,,,,,,,,,,,,,,,,,,,,,,,,,,,,,,,,,
S265,,,,,,,,,,,,,,,,,,,,,,,,,,,,,,,,,,,,,,,,,,,,,,,,,,,,,,,
S266,,,,,,,,,,,,,,,,,,,,,,,,,,,,,,,,,,,,,,,,,,,,,,,,,,,,,,,
S267,,,,,,,,,,,,,,,,,,,,,,,,,,,,,,,,,,,,,,,,,,,,,,,,,,,,,,,
S268,,,,,,,,,,,,,,,,,,,,,,,,,,,,,,,,,,,,,,,,,,,,,,,,,,,,,,,
S269,,,,,,,,,,,,,,,,,,,,,,,,,,,,,,,,,,,,,,,,,,,,,,,,,,,,,,,
S270,,,,,,,,,,,,,,,,,,,,,,,,,,,,,,,,,,,,,,,,,,,,,,,,,,,,,,,
S271,,,,,,,,,,,,,,,,,,,,,,,,,,,,,,,,,,,,,,,,,,,,,,,,,,,,,,,
S272,,,,,,,,,,,,,,,,,,,,,,,,,,,,,,,,,,,,,,,,,,,,,,,,,,,,,,,